<?xml version="1.0"?>
<pagescount>
	<html_total>15</html_total>
	<html_done>15</html_done>
	<images>164</images>
	<script>17</script>
	<css>15</css>
	<pdf/>
	<documents/>
	<excel/>
	<powerpoint/>
	<flash/>
	<audios/>
	<videos/>
	<xml/>
	<json/>
	<txt/>
	<autocad/>
	<fonts>12</fonts>
	<scraping_reload>1</scraping_reload>
	<is_pretty_url>false</is_pretty_url>
	<is_ebn>false</is_ebn>
	<email>akibhussain133+1@gmail.com</email>
	<theme_name>WmdTheme483953</theme_name>
	<server_url_front_page>https://www6.waybackmachinedownloader.com/wdo/files/demo/kodeforest.net_akibhussain133_1_gmail.com_e90oomntmh/</server_url_front_page>
	<no_www_url>kodeforest.net</no_www_url>
	<hosted_domain/>
	<original_archive_url>http://kodeforest.net/html/democracy/</original_archive_url>
	<final_archive_url>http://kodeforest.net/html/democracy/</final_archive_url>
	<front_page_code_date/>
	<total_urls_from_api/>
	<max_reached_live>false</max_reached_live>
	<scrape_other_captures>false</scrape_other_captures>
	<total_size>7216</total_size>
</pagescount>
